Model Name,Category,Modality Type,Input Modalities,Output Modalities,Is Deprecated?,Status,Error Info,Benchmark Type,Benchmark Result,Example API Payload,Example Code File,NVIDIA NIM URL,API Model ID
streampetr,Video_Other,Text / Chat,text,text,No,Failed,404 Not Found (Missing API Permission / Gated Model),TTFT / TPS,-,"{""messages"": [{""role"": ""user"", ""content"": ""Tell me a joke.""}], ""max_tokens"": 512}",test_text.py,https://build.nvidia.com/nvidia/streampetr,nvidia/streampetr
llama-3.2-11b-vision-instruct,Vision,Image/Video Understanding,"text, image",text,No,Success,-,TTFT / TPS,"TTFT: 1.7191s, TPS: 65.20","{""messages"": [{""role"": ""user"", ""content"": [{""type"": ""text"", ""text"": ""What is in this image?""}, {""type"": ""image_url"", ""image_url"": {""url"": ""data:image/png;base64,...(b64 string)...""}}]}]}",test_vision.py,https://build.nvidia.com/meta/llama-3.2-11b-vision-instruct,meta/llama-3.2-11b-vision-instruct
llama-3.2-90b-vision-instruct,Vision,Image/Video Understanding,"text, image",text,No,Success,-,TTFT / TPS,"TTFT: 1.9450s, TPS: 21.11","{""messages"": [{""role"": ""user"", ""content"": [{""type"": ""text"", ""text"": ""What is in this image?""}, {""type"": ""image_url"", ""image_url"": {""url"": ""data:image/png;base64,...(b64 string)...""}}]}]}",test_vision.py,https://build.nvidia.com/meta/llama-3.2-90b-vision-instruct,meta/llama-3.2-90b-vision-instruct
phi-3-vision-128k-instruct,Vision,Image/Video Understanding,"text, image",text,No,Failed,404 Not Found (Account missing specific permission / Gated Model),TTFT / TPS,-,"{""messages"": [{""role"": ""user"", ""content"": [{""type"": ""text"", ""text"": ""What is in this image?""}, {""type"": ""image_url"", ""image_url"": {""url"": ""data:image/png;base64,...(b64 string)...""}}]}]}",test_vision.py,https://build.nvidia.com/microsoft/phi-3-vision-128k-instruct,microsoft/phi-3-vision-128k-instruct
phi-3.5-vision-instruct,Vision,Image/Video Understanding,"text, image",text,No,Success,-,TTFT / TPS,"TTFT: 1.7321s, TPS: 70.37","{""messages"": [{""role"": ""user"", ""content"": [{""type"": ""text"", ""text"": ""What is in this image?""}, {""type"": ""image_url"", ""image_url"": {""url"": ""data:image/png;base64,...(b64 string)...""}}]}]}",test_vision.py,https://build.nvidia.com/microsoft/phi-3.5-vision-instruct,microsoft/phi-3.5-vision-instruct
llama-3.1-nemotron-nano-vl-8b-v1,Vision,Image/Video Understanding,"text, image",text,No,Success,-,TTFT / TPS,"TTFT: 5.7764s, TPS: 1665.73","{""messages"": [{""role"": ""user"", ""content"": [{""type"": ""text"", ""text"": ""What is in this image?""}, {""type"": ""image_url"", ""image_url"": {""url"": ""data:image/png;base64,...(b64 string)...""}}]}]}",test_vision.py,https://build.nvidia.com/nvidia/llama-3.1-nemotron-nano-vl-8b-v1,nvidia/llama-3.1-nemotron-nano-vl-8b-v1
nemotron-nano-12b-v2-vl,Vision,Image/Video Understanding,"text, image",text,No,Success,-,TTFT / TPS,"TTFT: 2.8644s, TPS: 135.29","{""messages"": [{""role"": ""user"", ""content"": [{""type"": ""text"", ""text"": ""What is in this image?""}, {""type"": ""image_url"", ""image_url"": {""url"": ""data:image/png;base64,...(b64 string)...""}}]}]}",test_vision.py,https://build.nvidia.com/nvidia/nemotron-nano-12b-v2-vl,nvidia/nemotron-nano-12b-v2-vl
neva-22b,Vision,Image/Video Understanding,"text, image",text,Yes,Failed,Model is Deprecated (No longer available),TTFT / TPS,-,"{""messages"": [{""role"": ""user"", ""content"": [{""type"": ""text"", ""text"": ""What is in this image?""}, {""type"": ""image_url"", ""image_url"": {""url"": ""data:image/png;base64,...(b64 string)...""}}]}]}",test_vision.py,https://build.nvidia.com/nvidia/neva-22b,nvidia/neva-22b
nvclip,Vision,Image/Video Understanding,"text, image",text,Yes,Failed,Model is Deprecated (No longer available),TTFT / TPS,-,"{""messages"": [{""role"": ""user"", ""content"": [{""type"": ""text"", ""text"": ""What is in this image?""}, {""type"": ""image_url"", ""image_url"": {""url"": ""data:image/png;base64,...(b64 string)...""}}]}]}",test_vision.py,https://build.nvidia.com/nvidia/nvclip,nvidia/nvclip
vila,Vision,Image/Video Understanding,"text, image",text,Yes,Failed,Model is Deprecated (No longer available),TTFT / TPS,-,"{""messages"": [{""role"": ""user"", ""content"": [{""type"": ""text"", ""text"": ""What is in this image?""}, {""type"": ""image_url"", ""image_url"": {""url"": ""data:image/png;base64,...(b64 string)...""}}]}]}",test_vision.py,https://build.nvidia.com/nvidia/vila,nvidia/vila
embed-qa-4,Embedding,Vector Embeddings,text,vector,No,Failed,404 Not Found (Account missing specific permission / Gated Model),Latency (s),-,"{""input"": [""Sentence to embed""], ""input_type"": ""query""}",test_embedding.py,https://build.nvidia.com/nvidia/embed-qa-4,nvidia/embed-qa-4
llama-3.2-nemoretriever-1b-vlm-embed-v1,Embedding,Vector Embeddings,text,vector,No,Success,-,Latency (s),-,"{""input"": [""Sentence to embed""], ""input_type"": ""query""}",test_embedding.py,https://build.nvidia.com/nvidia/llama-3.2-nemoretriever-1b-vlm-embed-v1,nvidia/llama-3.2-nemoretriever-1b-vlm-embed-v1
llama-3.2-nemoretriever-300m-embed-v1,Embedding,Vector Embeddings,text,vector,No,Success,-,Latency (s),-,"{""input"": [""Sentence to embed""], ""input_type"": ""query""}",test_embedding.py,https://build.nvidia.com/nvidia/llama-3.2-nemoretriever-300m-embed-v1,nvidia/llama-3.2-nemoretriever-300m-embed-v1
llama-3.2-nv-embedqa-1b-v1,Embedding,Vector Embeddings,text,vector,No,Failed,404 Not Found (Account missing specific permission / Gated Model),Latency (s),-,"{""input"": [""Sentence to embed""], ""input_type"": ""query""}",test_embedding.py,https://build.nvidia.com/nvidia/llama-3.2-nv-embedqa-1b-v1,nvidia/llama-3.2-nv-embedqa-1b-v1
llama-3.2-nv-embedqa-1b-v2,Embedding,Vector Embeddings,text,vector,No,Success,-,Latency (s),-,"{""input"": [""Sentence to embed""], ""input_type"": ""query""}",test_embedding.py,https://build.nvidia.com/nvidia/llama-3.2-nv-embedqa-1b-v2,nvidia/llama-3.2-nv-embedqa-1b-v2
llama-nemotron-embed-1b-v2,Embedding,Vector Embeddings,text,vector,No,Success,-,Latency (s),-,"{""input"": [""Sentence to embed""], ""input_type"": ""query""}",test_embedding.py,https://build.nvidia.com/nvidia/llama-nemotron-embed-1b-v2,nvidia/llama-nemotron-embed-1b-v2
llama-nemotron-embed-vl-1b-v2,Embedding,Vector Embeddings,text,vector,No,Success,-,Latency (s),-,"{""input"": [""Sentence to embed""], ""input_type"": ""query""}",test_embedding.py,https://build.nvidia.com/nvidia/llama-nemotron-embed-vl-1b-v2,nvidia/llama-nemotron-embed-vl-1b-v2
nemoretriever-parse,Embedding,Vector Embeddings,text,vector,No,Failed,404 Not Found (Account missing specific permission / Gated Model),Latency (s),-,"{""input"": [""Sentence to embed""], ""input_type"": ""query""}",test_embedding.py,https://build.nvidia.com/nvidia/nemoretriever-parse,nvidia/nemoretriever-parse
nemotron-parse,Embedding,Vector Embeddings,text,vector,No,Failed,404 Not Found (Account missing specific permission / Gated Model),Latency (s),-,"{""input"": [""Sentence to embed""], ""input_type"": ""query""}",test_embedding.py,https://build.nvidia.com/nvidia/nemotron-parse,nvidia/nemotron-parse
nv-embed-v1,Embedding,Vector Embeddings,text,vector,No,Success,-,Latency (s),-,"{""input"": [""Sentence to embed""], ""input_type"": ""query""}",test_embedding.py,https://build.nvidia.com/nvidia/nv-embed-v1,nvidia/nv-embed-v1
nv-embedcode-7b-v1,Embedding,Vector Embeddings,text,vector,No,Success,-,Latency (s),-,"{""input"": [""Sentence to embed""], ""input_type"": ""query""}",test_embedding.py,https://build.nvidia.com/nvidia/nv-embedcode-7b-v1,nvidia/nv-embedcode-7b-v1
nv-embedqa-e5-v5,Embedding,Vector Embeddings,text,vector,No,Success,-,Latency (s),-,"{""input"": [""Sentence to embed""], ""input_type"": ""query""}",test_embedding.py,https://build.nvidia.com/nvidia/nv-embedqa-e5-v5,nvidia/nv-embedqa-e5-v5
nv-embedqa-mistral-7b-v2,Embedding,Vector Embeddings,text,vector,No,Failed,404 Not Found (Account missing specific permission / Gated Model),Latency (s),-,"{""input"": [""Sentence to embed""], ""input_type"": ""query""}",test_embedding.py,https://build.nvidia.com/nvidia/nv-embedqa-mistral-7b-v2,nvidia/nv-embedqa-mistral-7b-v2
arctic-embed-l,Embedding,Vector Embeddings,text,vector,No,Failed,404 Not Found (Account missing specific permission / Gated Model),Latency (s),-,"{""input"": [""Sentence to embed""], ""input_type"": ""query""}",test_embedding.py,https://build.nvidia.com/snowflake/arctic-embed-l,snowflake/arctic-embed-l
yi-large,Text,Text / Chat,text,text,No,Failed,404 Not Found (Account missing specific permission / Gated Model),TTFT / TPS,-,"{""messages"": [{""role"": ""user"", ""content"": ""Tell me a joke.""}], ""max_tokens"": 512}",test_text.py,https://build.nvidia.com/01-ai/yi-large,01-ai/yi-large
dracarys-llama-3.1-70b-instruct,Text,Text / Chat,text,text,No,Success,-,TTFT / TPS,"TTFT: 0.4235s, TPS: 18.32","{""messages"": [{""role"": ""user"", ""content"": ""Tell me a joke.""}], ""max_tokens"": 512}",test_text.py,https://build.nvidia.com/abacusai/dracarys-llama-3.1-70b-instruct,abacusai/dracarys-llama-3.1-70b-instruct
fuyu-8b,Text,Text / Chat,text,text,No,Failed,404 Not Found (Account missing specific permission / Gated Model),TTFT / TPS,-,"{""messages"": [{""role"": ""user"", ""content"": ""Tell me a joke.""}], ""max_tokens"": 512}",test_text.py,https://build.nvidia.com/adept/fuyu-8b,adept/fuyu-8b
jamba-1.5-large-instruct,Text,Text / Chat,text,text,No,Failed,404 Not Found (Account missing specific permission / Gated Model),TTFT / TPS,-,"{""messages"": [{""role"": ""user"", ""content"": ""Tell me a joke.""}], ""max_tokens"": 512}",test_text.py,https://build.nvidia.com/ai21labs/jamba-1.5-large-instruct,ai21labs/jamba-1.5-large-instruct
jamba-1.5-mini-instruct,Text,Text / Chat,text,text,No,Success,-,TTFT / TPS,"TTFT: 0.7647s, TPS: 6911.79","{""messages"": [{""role"": ""user"", ""content"": ""Tell me a joke.""}], ""max_tokens"": 512}",test_text.py,https://build.nvidia.com/ai21labs/jamba-1.5-mini-instruct,ai21labs/jamba-1.5-mini-instruct
sea-lion-7b-instruct,Text,Text / Chat,text,text,No,Failed,404 Not Found (Account missing specific permission / Gated Model),TTFT / TPS,-,"{""messages"": [{""role"": ""user"", ""content"": ""Tell me a joke.""}], ""max_tokens"": 512}",test_text.py,https://build.nvidia.com/aisingapore/sea-lion-7b-instruct,aisingapore/sea-lion-7b-instruct
bge-m3,Text,Text / Chat,text,text,No,Failed,404 Not Found (Account missing specific permission / Gated Model),TTFT / TPS,-,"{""messages"": [{""role"": ""user"", ""content"": ""Tell me a joke.""}], ""max_tokens"": 512}",test_text.py,https://build.nvidia.com/baai/bge-m3,baai/bge-m3
baichuan2-13b-chat,Text,Text / Chat,text,text,No,Success,-,TTFT / TPS,"TTFT: 0.7432s, TPS: 46.06","{""messages"": [{""role"": ""user"", ""content"": ""Tell me a joke.""}], ""max_tokens"": 512}",test_text.py,https://build.nvidia.com/baichuan-inc/baichuan2-13b-chat,baichuan-inc/baichuan2-13b-chat
seed-oss-36b-instruct,Text,Text / Chat,text,text,No,Failed: No Content,Empty response,TTFT / TPS,-,"{""messages"": [{""role"": ""user"", ""content"": ""Tell me a joke.""}], ""max_tokens"": 512}",test_text.py,https://build.nvidia.com/bytedance/seed-oss-36b-instruct,bytedance/seed-oss-36b-instruct
dbrx-instruct,Text,Text / Chat,text,text,No,Failed,404 Not Found (Account missing specific permission / Gated Model),TTFT / TPS,-,"{""messages"": [{""role"": ""user"", ""content"": ""Tell me a joke.""}], ""max_tokens"": 512}",test_text.py,https://build.nvidia.com/databricks/dbrx-instruct,databricks/dbrx-instruct
deepseek-r1-distill-llama-8b,Text,Text / Chat (Reasoning),text,text,No,Success,-,TTFT / TPS,"TTFT: 0.3065s, TPS: 32.08","{""messages"": [{""role"": ""user"", ""content"": ""Tell me a joke.""}], ""max_tokens"": 512}",test_text.py,https://build.nvidia.com/deepseek-ai/deepseek-r1-distill-llama-8b,deepseek-ai/deepseek-r1-distill-llama-8b
deepseek-r1-distill-qwen-14b,Text,Text / Chat (Reasoning),text,text,No,Failed,"<html>
 | <head><title>502 Bad Gateway</title></head>
 | <body>
 | <center><h1>502 Bad Gateway</h1></center>
 | </body>
 | </html>",TTFT / TPS,-,"{""messages"": [{""role"": ""user"", ""content"": ""Tell me a joke.""}], ""max_tokens"": 512}",test_text.py,https://build.nvidia.com/deepseek-ai/deepseek-r1-distill-qwen-14b,deepseek-ai/deepseek-r1-distill-qwen-14b
deepseek-r1-distill-qwen-32b,Text,Text / Chat (Reasoning),text,text,No,Failed,peer closed connection without sending complete message body (incomplete chunked read),TTFT / TPS,-,"{""messages"": [{""role"": ""user"", ""content"": ""Tell me a joke.""}], ""max_tokens"": 512}",test_text.py,https://build.nvidia.com/deepseek-ai/deepseek-r1-distill-qwen-32b,deepseek-ai/deepseek-r1-distill-qwen-32b
deepseek-r1-distill-qwen-7b,Text,Text / Chat (Reasoning),text,text,No,Failed,Error code: 502,TTFT / TPS,-,"{""messages"": [{""role"": ""user"", ""content"": ""Tell me a joke.""}], ""max_tokens"": 512}",test_text.py,https://build.nvidia.com/deepseek-ai/deepseek-r1-distill-qwen-7b,deepseek-ai/deepseek-r1-distill-qwen-7b
deepseek-v3.1,Text,Text / Chat,text,text,No,Success,-,TTFT / TPS,"TTFT: 4.8392s, TPS: 6.52","{""messages"": [{""role"": ""user"", ""content"": ""Tell me a joke.""}], ""max_tokens"": 512}",test_text.py,https://build.nvidia.com/deepseek-ai/deepseek-v3.1,deepseek-ai/deepseek-v3.1
deepseek-v3.1-terminus,Text,Text / Chat,text,text,No,Success,-,TTFT / TPS,"TTFT: 1.0751s, TPS: 25.36","{""messages"": [{""role"": ""user"", ""content"": ""Tell me a joke.""}], ""max_tokens"": 512}",test_text.py,https://build.nvidia.com/deepseek-ai/deepseek-v3.1-terminus,deepseek-ai/deepseek-v3.1-terminus
deepseek-v3.2,Text,Text / Chat,text,text,No,Success,-,TTFT / TPS,"TTFT: 213.8862s, TPS: 0.29","{""messages"": [{""role"": ""user"", ""content"": ""Tell me a joke.""}], ""max_tokens"": 512}",test_text.py,https://build.nvidia.com/deepseek-ai/deepseek-v3.2,deepseek-ai/deepseek-v3.2
deplot,Text,Text / Chat,text,text,No,Failed,404 Not Found (Account missing specific permission / Gated Model),TTFT / TPS,-,"{""messages"": [{""role"": ""user"", ""content"": ""Tell me a joke.""}], ""max_tokens"": 512}",test_text.py,https://build.nvidia.com/google/deplot,google/deplot
gemma-2-27b-it,Text,Text / Chat,text,text,No,Success,-,TTFT / TPS,"TTFT: 0.3021s, TPS: 46.04","{""messages"": [{""role"": ""user"", ""content"": ""Tell me a joke.""}], ""max_tokens"": 512}",test_text.py,https://build.nvidia.com/google/gemma-2-27b-it,google/gemma-2-27b-it
gemma-2-2b-it,Text,Text / Chat,text,text,No,Success,-,TTFT / TPS,"TTFT: 0.9312s, TPS: 8066.52","{""messages"": [{""role"": ""user"", ""content"": ""Tell me a joke.""}], ""max_tokens"": 512}",test_text.py,https://build.nvidia.com/google/gemma-2-2b-it,google/gemma-2-2b-it
gemma-2-9b-it,Text,Text / Chat,text,text,No,Success,-,TTFT / TPS,"TTFT: 0.9184s, TPS: 91.01","{""messages"": [{""role"": ""user"", ""content"": ""Tell me a joke.""}], ""max_tokens"": 512}",test_text.py,https://build.nvidia.com/google/gemma-2-9b-it,google/gemma-2-9b-it
gemma-2b,Text,Text / Chat,text,text,No,Failed,404 Not Found (Account missing specific permission / Gated Model),TTFT / TPS,-,"{""messages"": [{""role"": ""user"", ""content"": ""Tell me a joke.""}], ""max_tokens"": 512}",test_text.py,https://build.nvidia.com/google/gemma-2b,google/gemma-2b
gemma-3-12b-it,Text,Text / Chat,text,text,No,Success,-,TTFT / TPS,"TTFT: 29.9814s, TPS: 4.33","{""messages"": [{""role"": ""user"", ""content"": ""Tell me a joke.""}], ""max_tokens"": 512}",test_text.py,https://build.nvidia.com/google/gemma-3-12b-it,google/gemma-3-12b-it
gemma-3-1b-it,Text,Text / Chat,text,text,No,Success,-,TTFT / TPS,"TTFT: 0.5096s, TPS: 299.16","{""messages"": [{""role"": ""user"", ""content"": ""Tell me a joke.""}], ""max_tokens"": 512}",test_text.py,https://build.nvidia.com/google/gemma-3-1b-it,google/gemma-3-1b-it
gemma-3-27b-it,Text,Text / Chat,text,text,No,Success,-,TTFT / TPS,"TTFT: 0.4981s, TPS: 51.00","{""messages"": [{""role"": ""user"", ""content"": ""Tell me a joke.""}], ""max_tokens"": 512}",test_text.py,https://build.nvidia.com/google/gemma-3-27b-it,google/gemma-3-27b-it
gemma-3-4b-it,Text,Text / Chat,text,text,No,Success,-,TTFT / TPS,"TTFT: 34.5518s, TPS: 7.82","{""messages"": [{""role"": ""user"", ""content"": ""Tell me a joke.""}], ""max_tokens"": 512}",test_text.py,https://build.nvidia.com/google/gemma-3-4b-it,google/gemma-3-4b-it
gemma-3n-e2b-it,Text,Text / Chat,text,text,No,Success,-,TTFT / TPS,"TTFT: 0.6224s, TPS: 25.84","{""messages"": [{""role"": ""user"", ""content"": ""Tell me a joke.""}], ""max_tokens"": 512}",test_text.py,https://build.nvidia.com/google/gemma-3n-e2b-it,google/gemma-3n-e2b-it
gemma-3n-e4b-it,Text,Text / Chat,text,text,No,Success,-,TTFT / TPS,"TTFT: 0.6136s, TPS: 23.00","{""messages"": [{""role"": ""user"", ""content"": ""Tell me a joke.""}], ""max_tokens"": 512}",test_text.py,https://build.nvidia.com/google/gemma-3n-e4b-it,google/gemma-3n-e4b-it
gemma-7b,Text,Text / Chat,text,text,No,Success,-,TTFT / TPS,"TTFT: 0.4961s, TPS: 42.73","{""messages"": [{""role"": ""user"", ""content"": ""Tell me a joke.""}], ""max_tokens"": 512}",test_text.py,https://build.nvidia.com/google/gemma-7b,google/gemma-7b
paligemma,Text,Text / Chat,text,text,No,Failed,"Error code: 500 - {'error': 'Expected exactly one image, got 0'}",TTFT / TPS,-,"{""messages"": [{""role"": ""user"", ""content"": ""Tell me a joke.""}], ""max_tokens"": 512}",test_text.py,https://build.nvidia.com/google/paligemma,google/paligemma
recurrentgemma-2b,Text,Text / Chat,text,text,No,Failed,404 Not Found (Account missing specific permission / Gated Model),TTFT / TPS,-,"{""messages"": [{""role"": ""user"", ""content"": ""Tell me a joke.""}], ""max_tokens"": 512}",test_text.py,https://build.nvidia.com/google/recurrentgemma-2b,google/recurrentgemma-2b
shieldgemma-9b,Text,Text / Chat,text,text,No,Success,-,TTFT / TPS,"TTFT: 0.7157s, TPS: 2493.64","{""messages"": [{""role"": ""user"", ""content"": ""Tell me a joke.""}], ""max_tokens"": 512}",test_text.py,https://build.nvidia.com/google/shieldgemma-9b,google/shieldgemma-9b
gemma-2-9b-cpt-sahabatai-instruct,Text,Text / Chat,text,text,No,Success,-,TTFT / TPS,"TTFT: 0.9227s, TPS: 151.14","{""messages"": [{""role"": ""user"", ""content"": ""Tell me a joke.""}], ""max_tokens"": 512}",test_text.py,https://build.nvidia.com/gotocompany/gemma-2-9b-cpt-sahabatai-instruct,gotocompany/gemma-2-9b-cpt-sahabatai-instruct
granite-3.0-3b-a800m-instruct,Text,Text / Chat,text,text,No,Failed,404 Not Found (Account missing specific permission / Gated Model),TTFT / TPS,-,"{""messages"": [{""role"": ""user"", ""content"": ""Tell me a joke.""}], ""max_tokens"": 512}",test_text.py,https://build.nvidia.com/ibm/granite-3.0-3b-a800m-instruct,ibm/granite-3.0-3b-a800m-instruct
granite-3.0-8b-instruct,Text,Text / Chat,text,text,No,Failed,404 Not Found (Account missing specific permission / Gated Model),TTFT / TPS,-,"{""messages"": [{""role"": ""user"", ""content"": ""Tell me a joke.""}], ""max_tokens"": 512}",test_text.py,https://build.nvidia.com/ibm/granite-3.0-8b-instruct,ibm/granite-3.0-8b-instruct
granite-3.3-8b-instruct,Text,Text / Chat,text,text,No,Failed,Error code: 504,TTFT / TPS,-,"{""messages"": [{""role"": ""user"", ""content"": ""Tell me a joke.""}], ""max_tokens"": 512}",test_text.py,https://build.nvidia.com/ibm/granite-3.3-8b-instruct,ibm/granite-3.3-8b-instruct
colosseum_355b_instruct_16k,Text,Text / Chat,text,text,No,Failed,Error code: 504,TTFT / TPS,-,"{""messages"": [{""role"": ""user"", ""content"": ""Tell me a joke.""}], ""max_tokens"": 512}",test_text.py,https://build.nvidia.com/igenius/colosseum_355b_instruct_16k,igenius/colosseum_355b_instruct_16k
italia_10b_instruct_16k,Text,Text / Chat,text,text,No,Success,-,TTFT / TPS,"TTFT: 0.6821s, TPS: 84.28","{""messages"": [{""role"": ""user"", ""content"": ""Tell me a joke.""}], ""max_tokens"": 512}",test_text.py,https://build.nvidia.com/igenius/italia_10b_instruct_16k,igenius/italia_10b_instruct_16k
llama-3.1-swallow-70b-instruct-v0.1,Text,Text / Chat,text,text,No,Success,-,TTFT / TPS,"TTFT: 0.8819s, TPS: 25.76","{""messages"": [{""role"": ""user"", ""content"": ""Tell me a joke.""}], ""max_tokens"": 512}",test_text.py,https://build.nvidia.com/institute-of-science-tokyo/llama-3.1-swallow-70b-instruct-v0.1,institute-of-science-tokyo/llama-3.1-swallow-70b-instruct-v0.1
llama-3.1-swallow-8b-instruct-v0.1,Text,Text / Chat,text,text,No,Success,-,TTFT / TPS,"TTFT: 0.8586s, TPS: 118.85","{""messages"": [{""role"": ""user"", ""content"": ""Tell me a joke.""}], ""max_tokens"": 512}",test_text.py,https://build.nvidia.com/institute-of-science-tokyo/llama-3.1-swallow-8b-instruct-v0.1,institute-of-science-tokyo/llama-3.1-swallow-8b-instruct-v0.1
marin-8b-instruct,Text,Text / Chat,text,text,No,Success,-,TTFT / TPS,"TTFT: 0.8698s, TPS: 13607.89","{""messages"": [{""role"": ""user"", ""content"": ""Tell me a joke.""}], ""max_tokens"": 512}",test_text.py,https://build.nvidia.com/marin/marin-8b-instruct,marin/marin-8b-instruct
breeze-7b-instruct,Text,Text / Chat,text,text,No,Success,-,TTFT / TPS,"TTFT: 0.8543s, TPS: 137.45","{""messages"": [{""role"": ""user"", ""content"": ""Tell me a joke.""}], ""max_tokens"": 512}",test_text.py,https://build.nvidia.com/mediatek/breeze-7b-instruct,mediatek/breeze-7b-instruct
llama-3.1-405b-instruct,Text,Text / Chat,text,text,No,Success,-,TTFT / TPS,"TTFT: 0.5049s, TPS: 42.71","{""messages"": [{""role"": ""user"", ""content"": ""Tell me a joke.""}], ""max_tokens"": 512}",test_text.py,https://build.nvidia.com/meta/llama-3.1-405b-instruct,meta/llama-3.1-405b-instruct
llama-3.1-70b-instruct,Text,Text / Chat,text,text,No,Success,-,TTFT / TPS,"TTFT: 0.4740s, TPS: 86.89","{""messages"": [{""role"": ""user"", ""content"": ""Tell me a joke.""}], ""max_tokens"": 512}",test_text.py,https://build.nvidia.com/meta/llama-3.1-70b-instruct,meta/llama-3.1-70b-instruct
llama-3.1-8b-instruct,Text,Text / Chat,text,text,No,Success,-,TTFT / TPS,"TTFT: 0.4507s, TPS: 210.09","{""messages"": [{""role"": ""user"", ""content"": ""Tell me a joke.""}], ""max_tokens"": 512}",test_text.py,https://build.nvidia.com/meta/llama-3.1-8b-instruct,meta/llama-3.1-8b-instruct
llama-3.2-1b-instruct,Text,Text / Chat,text,text,No,Success,-,TTFT / TPS,"TTFT: 0.8209s, TPS: 6682.95","{""messages"": [{""role"": ""user"", ""content"": ""Tell me a joke.""}], ""max_tokens"": 512}",test_text.py,https://build.nvidia.com/meta/llama-3.2-1b-instruct,meta/llama-3.2-1b-instruct
llama-3.2-3b-instruct,Text,Text / Chat,text,text,No,Success,-,TTFT / TPS,"TTFT: 0.6922s, TPS: 103.70","{""messages"": [{""role"": ""user"", ""content"": ""Tell me a joke.""}], ""max_tokens"": 512}",test_text.py,https://build.nvidia.com/meta/llama-3.2-3b-instruct,meta/llama-3.2-3b-instruct
llama-3.3-70b-instruct,Text,Text / Chat,text,text,No,Success,-,TTFT / TPS,"TTFT: 1.3776s, TPS: 66.56","{""messages"": [{""role"": ""user"", ""content"": ""Tell me a joke.""}], ""max_tokens"": 512}",test_text.py,https://build.nvidia.com/meta/llama-3.3-70b-instruct,meta/llama-3.3-70b-instruct
llama-4-maverick-17b-128e-instruct,Text,Text / Chat,text,text,No,Success,-,TTFT / TPS,"TTFT: 0.4804s, TPS: 128.76","{""messages"": [{""role"": ""user"", ""content"": ""Tell me a joke.""}], ""max_tokens"": 512}",test_text.py,https://build.nvidia.com/meta/llama-4-maverick-17b-128e-instruct,meta/llama-4-maverick-17b-128e-instruct
llama-4-scout-17b-16e-instruct,Text,Text / Chat,text,text,No,Failed,404 Not Found (Account missing specific permission / Gated Model),TTFT / TPS,-,"{""messages"": [{""role"": ""user"", ""content"": ""Tell me a joke.""}], ""max_tokens"": 512}",test_text.py,https://build.nvidia.com/meta/llama-4-scout-17b-16e-instruct,meta/llama-4-scout-17b-16e-instruct
llama2-70b,Text,Text / Chat,text,text,No,Failed,404 Not Found (Account missing specific permission / Gated Model),TTFT / TPS,-,"{""messages"": [{""role"": ""user"", ""content"": ""Tell me a joke.""}], ""max_tokens"": 512}",test_text.py,https://build.nvidia.com/meta/llama2-70b,meta/llama2-70b
llama3-70b-instruct,Text,Text / Chat,text,text,No,Success,-,TTFT / TPS,"TTFT: 0.3048s, TPS: 39.50","{""messages"": [{""role"": ""user"", ""content"": ""Tell me a joke.""}], ""max_tokens"": 512}",test_text.py,https://build.nvidia.com/meta/llama3-70b-instruct,meta/llama3-70b-instruct
llama3-8b-instruct,Text,Text / Chat,text,text,No,Success,-,TTFT / TPS,"TTFT: 0.4539s, TPS: 69.31","{""messages"": [{""role"": ""user"", ""content"": ""Tell me a joke.""}], ""max_tokens"": 512}",test_text.py,https://build.nvidia.com/meta/llama3-8b-instruct,meta/llama3-8b-instruct
kosmos-2,Text,Text / Chat,text,text,No,Failed,404 Not Found (Account missing specific permission / Gated Model),TTFT / TPS,-,"{""messages"": [{""role"": ""user"", ""content"": ""Tell me a joke.""}], ""max_tokens"": 512}",test_text.py,https://build.nvidia.com/microsoft/kosmos-2,microsoft/kosmos-2
phi-3-medium-128k-instruct,Text,Text / Chat,text,text,No,Success,-,TTFT / TPS,"TTFT: 0.7172s, TPS: 30.82","{""messages"": [{""role"": ""user"", ""content"": ""Tell me a joke.""}], ""max_tokens"": 512}",test_text.py,https://build.nvidia.com/microsoft/phi-3-medium-128k-instruct,microsoft/phi-3-medium-128k-instruct
phi-3-medium-4k-instruct,Text,Text / Chat,text,text,No,Success,-,TTFT / TPS,"TTFT: 0.8847s, TPS: 109.53","{""messages"": [{""role"": ""user"", ""content"": ""Tell me a joke.""}], ""max_tokens"": 512}",test_text.py,https://build.nvidia.com/microsoft/phi-3-medium-4k-instruct,microsoft/phi-3-medium-4k-instruct
phi-3-mini-128k-instruct,Text,Text / Chat,text,text,No,Success,-,TTFT / TPS,"TTFT: 0.8732s, TPS: 77.84","{""messages"": [{""role"": ""user"", ""content"": ""Tell me a joke.""}], ""max_tokens"": 512}",test_text.py,https://build.nvidia.com/microsoft/phi-3-mini-128k-instruct,microsoft/phi-3-mini-128k-instruct
phi-3-mini-4k-instruct,Text,Text / Chat,text,text,No,Success,-,TTFT / TPS,"TTFT: 1.0103s, TPS: 10404.26","{""messages"": [{""role"": ""user"", ""content"": ""Tell me a joke.""}], ""max_tokens"": 512}",test_text.py,https://build.nvidia.com/microsoft/phi-3-mini-4k-instruct,microsoft/phi-3-mini-4k-instruct
phi-3-small-128k-instruct,Text,Text / Chat,text,text,No,Success,-,TTFT / TPS,"TTFT: 0.8800s, TPS: 72.24","{""messages"": [{""role"": ""user"", ""content"": ""Tell me a joke.""}], ""max_tokens"": 512}",test_text.py,https://build.nvidia.com/microsoft/phi-3-small-128k-instruct,microsoft/phi-3-small-128k-instruct
phi-3-small-8k-instruct,Text,Text / Chat,text,text,No,Success,-,TTFT / TPS,"TTFT: 0.8721s, TPS: 4871.43","{""messages"": [{""role"": ""user"", ""content"": ""Tell me a joke.""}], ""max_tokens"": 512}",test_text.py,https://build.nvidia.com/microsoft/phi-3-small-8k-instruct,microsoft/phi-3-small-8k-instruct
phi-3.5-mini-instruct,Text,Text / Chat,text,text,No,Success,-,TTFT / TPS,"TTFT: 0.8726s, TPS: 71.32","{""messages"": [{""role"": ""user"", ""content"": ""Tell me a joke.""}], ""max_tokens"": 512}",test_text.py,https://build.nvidia.com/microsoft/phi-3.5-mini-instruct,microsoft/phi-3.5-mini-instruct
phi-3.5-moe-instruct,Text,Text / Chat (MoE),text,text,No,Failed,404 Not Found (Account missing specific permission / Gated Model),TTFT / TPS,-,"{""messages"": [{""role"": ""user"", ""content"": ""Tell me a joke.""}], ""max_tokens"": 512}",test_text.py,https://build.nvidia.com/microsoft/phi-3.5-moe-instruct,microsoft/phi-3.5-moe-instruct
phi-4-mini-flash-reasoning,Text,Text / Chat (Reasoning),text,text,No,Success,-,TTFT / TPS,"TTFT: 0.6759s, TPS: 8122.72","{""messages"": [{""role"": ""user"", ""content"": ""Tell me a joke.""}], ""max_tokens"": 512}",test_text.py,https://build.nvidia.com/microsoft/phi-4-mini-flash-reasoning,microsoft/phi-4-mini-flash-reasoning
phi-4-mini-instruct,Text,Text / Chat,text,text,No,Failed,Error code: 504,TTFT / TPS,-,"{""messages"": [{""role"": ""user"", ""content"": ""Tell me a joke.""}], ""max_tokens"": 512}",test_text.py,https://build.nvidia.com/microsoft/phi-4-mini-instruct,microsoft/phi-4-mini-instruct
phi-4-multimodal-instruct,Text,Text / Chat,text,text,No,Success,-,TTFT / TPS,"TTFT: 0.2940s, TPS: 86.57","{""messages"": [{""role"": ""user"", ""content"": ""Tell me a joke.""}], ""max_tokens"": 512}",test_text.py,https://build.nvidia.com/microsoft/phi-4-multimodal-instruct,microsoft/phi-4-multimodal-instruct
minimax-m2.1,Text,Text / Chat,text,text,No,Success,-,TTFT / TPS,"TTFT: 2.5343s, TPS: 8.52","{""messages"": [{""role"": ""user"", ""content"": ""Tell me a joke.""}], ""max_tokens"": 512}",test_text.py,https://build.nvidia.com/minimaxai/minimax-m2.1,minimaxai/minimax-m2.1
minimax-m2.5,Text,Text / Chat,text,text,No,Success,-,TTFT / TPS,"TTFT: 272.6748s, TPS: 1.67","{""messages"": [{""role"": ""user"", ""content"": ""Tell me a joke.""}], ""max_tokens"": 512}",test_text.py,https://build.nvidia.com/minimaxai/minimax-m2.5,minimaxai/minimax-m2.5
devstral-2-123b-instruct-2512,Text,Text / Chat,text,text,No,Success,-,TTFT / TPS,"TTFT: 0.4959s, TPS: 53.65","{""messages"": [{""role"": ""user"", ""content"": ""Tell me a joke.""}], ""max_tokens"": 512}",test_text.py,https://build.nvidia.com/mistralai/devstral-2-123b-instruct-2512,mistralai/devstral-2-123b-instruct-2512
magistral-small-2506,Text,Text / Chat,text,text,No,Failed: No Content,Empty response,TTFT / TPS,-,"{""messages"": [{""role"": ""user"", ""content"": ""Tell me a joke.""}], ""max_tokens"": 512}",test_text.py,https://build.nvidia.com/mistralai/magistral-small-2506,mistralai/magistral-small-2506
mathstral-7b-v0.1,Text,Text / Chat (Reasoning),text,text,No,Success,-,TTFT / TPS,"TTFT: 0.4815s, TPS: 49.83","{""messages"": [{""role"": ""user"", ""content"": ""Tell me a joke.""}], ""max_tokens"": 512}",test_text.py,https://build.nvidia.com/mistralai/mathstral-7b-v0.1,mistralai/mathstral-7b-v0.1
ministral-14b-instruct-2512,Text,Text / Chat,text,text,No,Success,-,TTFT / TPS,"TTFT: 0.5344s, TPS: 42.71","{""messages"": [{""role"": ""user"", ""content"": ""Tell me a joke.""}], ""max_tokens"": 512}",test_text.py,https://build.nvidia.com/mistralai/ministral-14b-instruct-2512,mistralai/ministral-14b-instruct-2512
mistral-7b-instruct-v0.2,Text,Text / Chat,text,text,No,Success,-,TTFT / TPS,"TTFT: 0.4694s, TPS: 49.85","{""messages"": [{""role"": ""user"", ""content"": ""Tell me a joke.""}], ""max_tokens"": 512}",test_text.py,https://build.nvidia.com/mistralai/mistral-7b-instruct-v0.2,mistralai/mistral-7b-instruct-v0.2
mistral-7b-instruct-v0.3,Text,Text / Chat,text,text,No,Success,-,TTFT / TPS,"TTFT: 0.4781s, TPS: 51.50","{""messages"": [{""role"": ""user"", ""content"": ""Tell me a joke.""}], ""max_tokens"": 512}",test_text.py,https://build.nvidia.com/mistralai/mistral-7b-instruct-v0.3,mistralai/mistral-7b-instruct-v0.3
mistral-large,Text,Text / Chat,text,text,No,Failed,404 Not Found (Account missing specific permission / Gated Model),TTFT / TPS,-,"{""messages"": [{""role"": ""user"", ""content"": ""Tell me a joke.""}], ""max_tokens"": 512}",test_text.py,https://build.nvidia.com/mistralai/mistral-large,mistralai/mistral-large
mistral-large-2-instruct,Text,Text / Chat,text,text,No,Failed,404 Not Found (Account missing specific permission / Gated Model),TTFT / TPS,-,"{""messages"": [{""role"": ""user"", ""content"": ""Tell me a joke.""}], ""max_tokens"": 512}",test_text.py,https://build.nvidia.com/mistralai/mistral-large-2-instruct,mistralai/mistral-large-2-instruct
mistral-large-3-675b-instruct-2512,Text,Text / Chat,text,text,No,Success,-,TTFT / TPS,"TTFT: 1.1434s, TPS: 37.51","{""messages"": [{""role"": ""user"", ""content"": ""Tell me a joke.""}], ""max_tokens"": 512}",test_text.py,https://build.nvidia.com/mistralai/mistral-large-3-675b-instruct-2512,mistralai/mistral-large-3-675b-instruct-2512
mistral-medium-3-instruct,Text,Text / Chat,text,text,No,Success,-,TTFT / TPS,"TTFT: 0.4583s, TPS: 45.83","{""messages"": [{""role"": ""user"", ""content"": ""Tell me a joke.""}], ""max_tokens"": 512}",test_text.py,https://build.nvidia.com/mistralai/mistral-medium-3-instruct,mistralai/mistral-medium-3-instruct
mistral-nemotron,Text,Text / Chat,text,text,No,Success,-,TTFT / TPS,"TTFT: 0.9289s, TPS: 1097.54","{""messages"": [{""role"": ""user"", ""content"": ""Tell me a joke.""}], ""max_tokens"": 512}",test_text.py,https://build.nvidia.com/mistralai/mistral-nemotron,mistralai/mistral-nemotron
mistral-small-24b-instruct,Text,Text / Chat,text,text,No,Success,-,TTFT / TPS,"TTFT: 0.4697s, TPS: 32.23","{""messages"": [{""role"": ""user"", ""content"": ""Tell me a joke.""}], ""max_tokens"": 512}",test_text.py,https://build.nvidia.com/mistralai/mistral-small-24b-instruct,mistralai/mistral-small-24b-instruct
mistral-small-3.1-24b-instruct-2503,Text,Text / Chat,text,text,No,Success,-,TTFT / TPS,"TTFT: 0.4879s, TPS: 20.17","{""messages"": [{""role"": ""user"", ""content"": ""Tell me a joke.""}], ""max_tokens"": 512}",test_text.py,https://build.nvidia.com/mistralai/mistral-small-3.1-24b-instruct-2503,mistralai/mistral-small-3.1-24b-instruct-2503
mistral-small-4-119b-2603,Text,Text / Chat,text,text,No,Success,-,TTFT / TPS,"TTFT: 0.4571s, TPS: 162.30","{""messages"": [{""role"": ""user"", ""content"": ""Tell me a joke.""}], ""max_tokens"": 512}",test_text.py,https://build.nvidia.com/mistralai/mistral-small-4-119b-2603,mistralai/mistral-small-4-119b-2603
mixtral-8x22b-instruct-v0.1,Text,Text / Chat (MoE),text,text,No,Success,-,TTFT / TPS,"TTFT: 0.4557s, TPS: 64.13","{""messages"": [{""role"": ""user"", ""content"": ""Tell me a joke.""}], ""max_tokens"": 512}",test_text.py,https://build.nvidia.com/mistralai/mixtral-8x22b-instruct-v0.1,mistralai/mixtral-8x22b-instruct-v0.1
mixtral-8x22b-v0.1,Text,Text / Chat (MoE),text,text,No,Failed,404 Not Found (Account missing specific permission / Gated Model),TTFT / TPS,-,"{""messages"": [{""role"": ""user"", ""content"": ""Tell me a joke.""}], ""max_tokens"": 512}",test_text.py,https://build.nvidia.com/mistralai/mixtral-8x22b-v0.1,mistralai/mixtral-8x22b-v0.1
mixtral-8x7b-instruct-v0.1,Text,Text / Chat (MoE),text,text,No,Success,-,TTFT / TPS,"TTFT: 0.6824s, TPS: 212.71","{""messages"": [{""role"": ""user"", ""content"": ""Tell me a joke.""}], ""max_tokens"": 512}",test_text.py,https://build.nvidia.com/mistralai/mixtral-8x7b-instruct-v0.1,mistralai/mixtral-8x7b-instruct-v0.1
kimi-k2-instruct,Text,Text / Chat,text,text,No,Success,-,TTFT / TPS,"TTFT: 0.7645s, TPS: 6.57","{""messages"": [{""role"": ""user"", ""content"": ""Tell me a joke.""}], ""max_tokens"": 512}",test_text.py,https://build.nvidia.com/moonshotai/kimi-k2-instruct,moonshotai/kimi-k2-instruct
kimi-k2-instruct-0905,Text,Text / Chat,text,text,No,Success,-,TTFT / TPS,"TTFT: 0.7589s, TPS: 16.69","{""messages"": [{""role"": ""user"", ""content"": ""Tell me a joke.""}], ""max_tokens"": 512}",test_text.py,https://build.nvidia.com/moonshotai/kimi-k2-instruct-0905,moonshotai/kimi-k2-instruct-0905
kimi-k2-thinking,Text,Text / Chat,text,text,No,Failed: No Content,Empty response,TTFT / TPS,-,"{""messages"": [{""role"": ""user"", ""content"": ""Tell me a joke.""}], ""max_tokens"": 512}",test_text.py,https://build.nvidia.com/moonshotai/kimi-k2-thinking,moonshotai/kimi-k2-thinking
kimi-k2.5,Text,Text / Chat,text,text,No,Failed: No Content,Empty response,TTFT / TPS,-,"{""messages"": [{""role"": ""user"", ""content"": ""Tell me a joke.""}], ""max_tokens"": 512}",test_text.py,https://build.nvidia.com/moonshotai/kimi-k2.5,moonshotai/kimi-k2.5
mistral-nemo-12b-instruct,Text,Text / Chat,text,text,No,Failed,404 Not Found (Account missing specific permission / Gated Model),TTFT / TPS,-,"{""messages"": [{""role"": ""user"", ""content"": ""Tell me a joke.""}], ""max_tokens"": 512}",test_text.py,https://build.nvidia.com/nv-mistralai/mistral-nemo-12b-instruct,nv-mistralai/mistral-nemo-12b-instruct
cosmos-reason2-8b,Text,Text / Chat,text,text,No,Failed,404 Not Found (Account missing specific permission / Gated Model),TTFT / TPS,-,"{""messages"": [{""role"": ""user"", ""content"": ""Tell me a joke.""}], ""max_tokens"": 512}",test_text.py,https://build.nvidia.com/nvidia/cosmos-reason2-8b,nvidia/cosmos-reason2-8b
gliner-pii,Text,Text / Chat,text,text,No,Failed: No Content,Empty response,TTFT / TPS,-,"{""messages"": [{""role"": ""user"", ""content"": ""Tell me a joke.""}], ""max_tokens"": 512}",test_text.py,https://build.nvidia.com/nvidia/gliner-pii,nvidia/gliner-pii
llama-3.1-nemotron-51b-instruct,Text,Text / Chat,text,text,No,Failed,404 Not Found (Account missing specific permission / Gated Model),TTFT / TPS,-,"{""messages"": [{""role"": ""user"", ""content"": ""Tell me a joke.""}], ""max_tokens"": 512}",test_text.py,https://build.nvidia.com/nvidia/llama-3.1-nemotron-51b-instruct,nvidia/llama-3.1-nemotron-51b-instruct
llama-3.1-nemotron-70b-instruct,Text,Text / Chat,text,text,No,Failed,404 Not Found (Account missing specific permission / Gated Model),TTFT / TPS,-,"{""messages"": [{""role"": ""user"", ""content"": ""Tell me a joke.""}], ""max_tokens"": 512}",test_text.py,https://build.nvidia.com/nvidia/llama-3.1-nemotron-70b-instruct,nvidia/llama-3.1-nemotron-70b-instruct
llama-3.1-nemotron-nano-4b-v1.1,Text,Text / Chat,text,text,No,Failed,Error code: 504,TTFT / TPS,-,"{""messages"": [{""role"": ""user"", ""content"": ""Tell me a joke.""}], ""max_tokens"": 512}",test_text.py,https://build.nvidia.com/nvidia/llama-3.1-nemotron-nano-4b-v1.1,nvidia/llama-3.1-nemotron-nano-4b-v1.1
llama-3.1-nemotron-nano-8b-v1,Text,Text / Chat,text,text,No,Success,-,TTFT / TPS,"TTFT: 36.6897s, TPS: 10364.56","{""messages"": [{""role"": ""user"", ""content"": ""Tell me a joke.""}], ""max_tokens"": 512}",test_text.py,https://build.nvidia.com/nvidia/llama-3.1-nemotron-nano-8b-v1,nvidia/llama-3.1-nemotron-nano-8b-v1
llama-3.1-nemotron-ultra-253b-v1,Text,Text / Chat,text,text,No,Success,-,TTFT / TPS,"TTFT: 0.6733s, TPS: 57.43","{""messages"": [{""role"": ""user"", ""content"": ""Tell me a joke.""}], ""max_tokens"": 512}",test_text.py,https://build.nvidia.com/nvidia/llama-3.1-nemotron-ultra-253b-v1,nvidia/llama-3.1-nemotron-ultra-253b-v1
llama-3.3-nemotron-super-49b-v1,Text,Text / Chat,text,text,No,Success,-,TTFT / TPS,"TTFT: 0.8960s, TPS: 187.52","{""messages"": [{""role"": ""user"", ""content"": ""Tell me a joke.""}], ""max_tokens"": 512}",test_text.py,https://build.nvidia.com/nvidia/llama-3.3-nemotron-super-49b-v1,nvidia/llama-3.3-nemotron-super-49b-v1
llama-3.3-nemotron-super-49b-v1.5,Text,Text / Chat,text,text,No,Success,-,TTFT / TPS,"TTFT: 0.4544s, TPS: 81.48","{""messages"": [{""role"": ""user"", ""content"": ""Tell me a joke.""}], ""max_tokens"": 512}",test_text.py,https://build.nvidia.com/nvidia/llama-3.3-nemotron-super-49b-v1.5,nvidia/llama-3.3-nemotron-super-49b-v1.5
llama3-chatqa-1.5-70b,Text,Text / Chat,text,text,No,Failed,404 Not Found (Account missing specific permission / Gated Model),TTFT / TPS,-,"{""messages"": [{""role"": ""user"", ""content"": ""Tell me a joke.""}], ""max_tokens"": 512}",test_text.py,https://build.nvidia.com/nvidia/llama3-chatqa-1.5-70b,nvidia/llama3-chatqa-1.5-70b
llama3-chatqa-1.5-8b,Text,Text / Chat,text,text,No,Success,-,TTFT / TPS,"TTFT: 0.6855s, TPS: 3241.35","{""messages"": [{""role"": ""user"", ""content"": ""Tell me a joke.""}], ""max_tokens"": 512}",test_text.py,https://build.nvidia.com/nvidia/llama3-chatqa-1.5-8b,nvidia/llama3-chatqa-1.5-8b
mistral-nemo-minitron-8b-8k-instruct,Text,Text / Chat,text,text,No,Failed,404 Not Found (Account missing specific permission / Gated Model),TTFT / TPS,-,"{""messages"": [{""role"": ""user"", ""content"": ""Tell me a joke.""}], ""max_tokens"": 512}",test_text.py,https://build.nvidia.com/nvidia/mistral-nemo-minitron-8b-8k-instruct,nvidia/mistral-nemo-minitron-8b-8k-instruct
mistral-nemo-minitron-8b-base,Text,Text / Chat,text,text,No,Failed,404 Not Found (Account missing specific permission / Gated Model),TTFT / TPS,-,"{""messages"": [{""role"": ""user"", ""content"": ""Tell me a joke.""}], ""max_tokens"": 512}",test_text.py,https://build.nvidia.com/nvidia/mistral-nemo-minitron-8b-base,nvidia/mistral-nemo-minitron-8b-base
nemotron-3-nano-30b-a3b,Text,Text / Chat,text,text,No,Failed: No Content,Empty response,TTFT / TPS,-,"{""messages"": [{""role"": ""user"", ""content"": ""Tell me a joke.""}], ""max_tokens"": 512}",test_text.py,https://build.nvidia.com/nvidia/nemotron-3-nano-30b-a3b,nvidia/nemotron-3-nano-30b-a3b
nemotron-3-super-120b-a12b,Text,Text / Chat,text,text,No,Failed: No Content,Empty response,TTFT / TPS,-,"{""messages"": [{""role"": ""user"", ""content"": ""Tell me a joke.""}], ""max_tokens"": 512}",test_text.py,https://build.nvidia.com/nvidia/nemotron-3-super-120b-a12b,nvidia/nemotron-3-super-120b-a12b
nemotron-4-340b-instruct,Text,Text / Chat,text,text,No,Failed,404 Not Found (Account missing specific permission / Gated Model),TTFT / TPS,-,"{""messages"": [{""role"": ""user"", ""content"": ""Tell me a joke.""}], ""max_tokens"": 512}",test_text.py,https://build.nvidia.com/nvidia/nemotron-4-340b-instruct,nvidia/nemotron-4-340b-instruct
nemotron-4-mini-hindi-4b-instruct,Text,Text / Chat,text,text,No,Success,-,TTFT / TPS,"TTFT: 0.2705s, TPS: 96.73","{""messages"": [{""role"": ""user"", ""content"": ""Tell me a joke.""}], ""max_tokens"": 512}",test_text.py,https://build.nvidia.com/nvidia/nemotron-4-mini-hindi-4b-instruct,nvidia/nemotron-4-mini-hindi-4b-instruct
nemotron-mini-4b-instruct,Text,Text / Chat,text,text,No,Success,-,TTFT / TPS,"TTFT: 0.8392s, TPS: 9171.89","{""messages"": [{""role"": ""user"", ""content"": ""Tell me a joke.""}], ""max_tokens"": 512}",test_text.py,https://build.nvidia.com/nvidia/nemotron-mini-4b-instruct,nvidia/nemotron-mini-4b-instruct
nemotron-nano-3-30b-a3b,Text,Text / Chat,text,text,No,Failed,"Error code: 404 - {'error': {'message': 'The model `nvidia/nemotron-nano-3-30b-a3b` does not exist.', 'type': 'NotFoundError', 'param': 'model', 'code': 404}}",TTFT / TPS,-,"{""messages"": [{""role"": ""user"", ""content"": ""Tell me a joke.""}], ""max_tokens"": 512}",test_text.py,https://build.nvidia.com/nvidia/nemotron-nano-3-30b-a3b,nvidia/nemotron-nano-3-30b-a3b
nvidia-nemotron-nano-9b-v2,Text,Text / Chat,text,text,No,Failed: No Content,Empty response,TTFT / TPS,-,"{""messages"": [{""role"": ""user"", ""content"": ""Tell me a joke.""}], ""max_tokens"": 512}",test_text.py,https://build.nvidia.com/nvidia/nvidia-nemotron-nano-9b-v2,nvidia/nvidia-nemotron-nano-9b-v2
riva-translate-4b-instruct,Text,Text / Chat,text,text,No,Failed,404 Not Found (Account missing specific permission / Gated Model),TTFT / TPS,-,"{""messages"": [{""role"": ""user"", ""content"": ""Tell me a joke.""}], ""max_tokens"": 512}",test_text.py,https://build.nvidia.com/nvidia/riva-translate-4b-instruct,nvidia/riva-translate-4b-instruct
riva-translate-4b-instruct-v1.1,Text,Text / Chat,text,text,No,Success,-,TTFT / TPS,"TTFT: 0.6733s, TPS: 8142.70","{""messages"": [{""role"": ""user"", ""content"": ""Tell me a joke.""}], ""max_tokens"": 512}",test_text.py,https://build.nvidia.com/nvidia/riva-translate-4b-instruct-v1.1,nvidia/riva-translate-4b-instruct-v1.1
gpt-oss-120b,Text,Text / Chat,text,text,No,Failed: No Content,Empty response,TTFT / TPS,-,"{""messages"": [{""role"": ""user"", ""content"": ""Tell me a joke.""}], ""max_tokens"": 512}",test_text.py,https://build.nvidia.com/openai/gpt-oss-120b,openai/gpt-oss-120b
gpt-oss-120b,Text,Text / Chat,text,text,No,Failed: No Content,Empty response,TTFT / TPS,-,"{""messages"": [{""role"": ""user"", ""content"": ""Tell me a joke.""}], ""max_tokens"": 512}",test_text.py,https://build.nvidia.com/openai/gpt-oss-120b,openai/gpt-oss-120b
gpt-oss-20b,Text,Text / Chat,text,text,No,Failed: No Content,Empty response,TTFT / TPS,-,"{""messages"": [{""role"": ""user"", ""content"": ""Tell me a joke.""}], ""max_tokens"": 512}",test_text.py,https://build.nvidia.com/openai/gpt-oss-20b,openai/gpt-oss-20b
gpt-oss-20b,Text,Text / Chat,text,text,No,Failed: No Content,Empty response,TTFT / TPS,-,"{""messages"": [{""role"": ""user"", ""content"": ""Tell me a joke.""}], ""max_tokens"": 512}",test_text.py,https://build.nvidia.com/openai/gpt-oss-20b,openai/gpt-oss-20b
teuken-7b-instruct-commercial-v0.4,Text,Text / Chat,text,text,No,Success,-,TTFT / TPS,"TTFT: 0.8356s, TPS: 102.55","{""messages"": [{""role"": ""user"", ""content"": ""Tell me a joke.""}], ""max_tokens"": 512}",test_text.py,https://build.nvidia.com/opengpt-x/teuken-7b-instruct-commercial-v0.4,opengpt-x/teuken-7b-instruct-commercial-v0.4
qwen2-7b-instruct,Text,Text / Chat,text,text,No,Success,-,TTFT / TPS,"TTFT: 0.8961s, TPS: 148.30","{""messages"": [{""role"": ""user"", ""content"": ""Tell me a joke.""}], ""max_tokens"": 512}",test_text.py,https://build.nvidia.com/qwen/qwen2-7b-instruct,qwen/qwen2-7b-instruct
qwen2.5-7b-instruct,Text,Text / Chat,text,text,No,Success,-,TTFT / TPS,"TTFT: 2.1746s, TPS: 28.60","{""messages"": [{""role"": ""user"", ""content"": ""Tell me a joke.""}], ""max_tokens"": 512}",test_text.py,https://build.nvidia.com/qwen/qwen2.5-7b-instruct,qwen/qwen2.5-7b-instruct
qwen3-next-80b-a3b-instruct,Text,Text / Chat,text,text,No,Success,-,TTFT / TPS,"TTFT: 0.4841s, TPS: 9.20","{""messages"": [{""role"": ""user"", ""content"": ""Tell me a joke.""}], ""max_tokens"": 512}",test_text.py,https://build.nvidia.com/qwen/qwen3-next-80b-a3b-instruct,qwen/qwen3-next-80b-a3b-instruct
qwen3-next-80b-a3b-thinking,Text,Text / Chat,text,text,No,Failed: No Content,Empty response,TTFT / TPS,-,"{""messages"": [{""role"": ""user"", ""content"": ""Tell me a joke.""}], ""max_tokens"": 512}",test_text.py,https://build.nvidia.com/qwen/qwen3-next-80b-a3b-thinking,qwen/qwen3-next-80b-a3b-thinking
qwen3.5-122b-a10b,Text,Text / Chat,text,text,No,Success,-,TTFT / TPS,"TTFT: 49.4852s, TPS: 6.31","{""messages"": [{""role"": ""user"", ""content"": ""Tell me a joke.""}], ""max_tokens"": 512}",test_text.py,https://build.nvidia.com/qwen/qwen3.5-122b-a10b,qwen/qwen3.5-122b-a10b
qwen3.5-397b-a17b,Text,Text / Chat,text,text,No,Success,-,TTFT / TPS,"TTFT: 91.6357s, TPS: 2.49","{""messages"": [{""role"": ""user"", ""content"": ""Tell me a joke.""}], ""max_tokens"": 512}",test_text.py,https://build.nvidia.com/qwen/qwen3.5-397b-a17b,qwen/qwen3.5-397b-a17b
qwq-32b,Text,Text / Chat,text,text,No,Success,-,TTFT / TPS,"TTFT: 0.5894s, TPS: 29.18","{""messages"": [{""role"": ""user"", ""content"": ""Tell me a joke.""}], ""max_tokens"": 512}",test_text.py,https://build.nvidia.com/qwen/qwq-32b,qwen/qwq-32b
rakutenai-7b-chat,Text,Text / Chat,text,text,No,Success,-,TTFT / TPS,"TTFT: 0.9916s, TPS: 19.78","{""messages"": [{""role"": ""user"", ""content"": ""Tell me a joke.""}], ""max_tokens"": 512}",test_text.py,https://build.nvidia.com/rakuten/rakutenai-7b-chat,rakuten/rakutenai-7b-chat
rakutenai-7b-instruct,Text,Text / Chat,text,text,No,Success,-,TTFT / TPS,"TTFT: 1.0148s, TPS: 5047.30","{""messages"": [{""role"": ""user"", ""content"": ""Tell me a joke.""}], ""max_tokens"": 512}",test_text.py,https://build.nvidia.com/rakuten/rakutenai-7b-instruct,rakuten/rakutenai-7b-instruct
sarvam-m,Text,Text / Chat,text,text,No,Success,-,TTFT / TPS,"TTFT: 0.9214s, TPS: 52.75","{""messages"": [{""role"": ""user"", ""content"": ""Tell me a joke.""}], ""max_tokens"": 512}",test_text.py,https://build.nvidia.com/sarvamai/sarvam-m,sarvamai/sarvam-m
bielik-11b-v2.3-instruct,Text,Text / Chat,text,text,No,Success,-,TTFT / TPS,"TTFT: 0.9006s, TPS: 176.01","{""messages"": [{""role"": ""user"", ""content"": ""Tell me a joke.""}], ""max_tokens"": 512}",test_text.py,https://build.nvidia.com/speakleash/bielik-11b-v2.3-instruct,speakleash/bielik-11b-v2.3-instruct
bielik-11b-v2.6-instruct,Text,Text / Chat,text,text,No,Success,-,TTFT / TPS,"TTFT: 0.8325s, TPS: 49.24","{""messages"": [{""role"": ""user"", ""content"": ""Tell me a joke.""}], ""max_tokens"": 512}",test_text.py,https://build.nvidia.com/speakleash/bielik-11b-v2.6-instruct,speakleash/bielik-11b-v2.6-instruct
step-3.5-flash,Text,Text / Chat,text,text,No,Failed: No Content,Empty response,TTFT / TPS,-,"{""messages"": [{""role"": ""user"", ""content"": ""Tell me a joke.""}], ""max_tokens"": 512}",test_text.py,https://build.nvidia.com/stepfun-ai/step-3.5-flash,stepfun-ai/step-3.5-flash
stockmark-2-100b-instruct,Text,Text / Chat,text,text,No,Success,-,TTFT / TPS,"TTFT: 0.8414s, TPS: 30.88","{""messages"": [{""role"": ""user"", ""content"": ""Tell me a joke.""}], ""max_tokens"": 512}",test_text.py,https://build.nvidia.com/stockmark/stockmark-2-100b-instruct,stockmark/stockmark-2-100b-instruct
chatglm3-6b,Text,Text / Chat,text,text,No,Success,-,TTFT / TPS,"TTFT: 0.8175s, TPS: 182.89","{""messages"": [{""role"": ""user"", ""content"": ""Tell me a joke.""}], ""max_tokens"": 512}",test_text.py,https://build.nvidia.com/thudm/chatglm3-6b,thudm/chatglm3-6b
falcon3-7b-instruct,Text,Text / Chat,text,text,No,Success,-,TTFT / TPS,"TTFT: 0.9065s, TPS: 169.94","{""messages"": [{""role"": ""user"", ""content"": ""Tell me a joke.""}], ""max_tokens"": 512}",test_text.py,https://build.nvidia.com/tiiuae/falcon3-7b-instruct,tiiuae/falcon3-7b-instruct
llama-3-swallow-70b-instruct-v0.1,Text,Text / Chat,text,text,No,Success,-,TTFT / TPS,"TTFT: 0.8547s, TPS: 25.66","{""messages"": [{""role"": ""user"", ""content"": ""Tell me a joke.""}], ""max_tokens"": 512}",test_text.py,https://build.nvidia.com/tokyotech-llm/llama-3-swallow-70b-instruct-v0.1,tokyotech-llm/llama-3-swallow-70b-instruct-v0.1
solar-10.7b-instruct,Text,Text / Chat,text,text,No,Success,-,TTFT / TPS,"TTFT: 0.8789s, TPS: 60.79","{""messages"": [{""role"": ""user"", ""content"": ""Tell me a joke.""}], ""max_tokens"": 512}",test_text.py,https://build.nvidia.com/upstage/solar-10.7b-instruct,upstage/solar-10.7b-instruct
eurollm-9b-instruct,Text,Text / Chat,text,text,No,Success,-,TTFT / TPS,"TTFT: 0.8211s, TPS: 244.25","{""messages"": [{""role"": ""user"", ""content"": ""Tell me a joke.""}], ""max_tokens"": 512}",test_text.py,https://build.nvidia.com/utter-project/eurollm-9b-instruct,utter-project/eurollm-9b-instruct
palmyra-creative-122b,Text,Text / Chat,text,text,No,Failed,404 Not Found (Account missing specific permission / Gated Model),TTFT / TPS,-,"{""messages"": [{""role"": ""user"", ""content"": ""Tell me a joke.""}], ""max_tokens"": 512}",test_text.py,https://build.nvidia.com/writer/palmyra-creative-122b,writer/palmyra-creative-122b
palmyra-fin-70b-32k,Text,Text / Chat,text,text,No,Failed,404 Not Found (Account missing specific permission / Gated Model),TTFT / TPS,-,"{""messages"": [{""role"": ""user"", ""content"": ""Tell me a joke.""}], ""max_tokens"": 512}",test_text.py,https://build.nvidia.com/writer/palmyra-fin-70b-32k,writer/palmyra-fin-70b-32k
palmyra-med-70b,Text,Text / Chat,text,text,No,Failed,404 Not Found (Account missing specific permission / Gated Model),TTFT / TPS,-,"{""messages"": [{""role"": ""user"", ""content"": ""Tell me a joke.""}], ""max_tokens"": 512}",test_text.py,https://build.nvidia.com/writer/palmyra-med-70b,writer/palmyra-med-70b
palmyra-med-70b-32k,Text,Text / Chat,text,text,No,Failed,404 Not Found (Account missing specific permission / Gated Model),TTFT / TPS,-,"{""messages"": [{""role"": ""user"", ""content"": ""Tell me a joke.""}], ""max_tokens"": 512}",test_text.py,https://build.nvidia.com/writer/palmyra-med-70b-32k,writer/palmyra-med-70b-32k
llama-3-taiwan-70b-instruct,Text,Text / Chat,text,text,No,Success,-,TTFT / TPS,"TTFT: 0.6430s, TPS: 44.44","{""messages"": [{""role"": ""user"", ""content"": ""Tell me a joke.""}], ""max_tokens"": 512}",test_text.py,https://build.nvidia.com/yentinglin/llama-3-taiwan-70b-instruct,yentinglin/llama-3-taiwan-70b-instruct
glm4.7,Text,Text / Chat,text,text,No,Failed: No Content,Empty response,TTFT / TPS,-,"{""messages"": [{""role"": ""user"", ""content"": ""Tell me a joke.""}], ""max_tokens"": 512}",test_text.py,https://build.nvidia.com/z-ai/glm4.7,z-ai/glm4.7
glm5,Text,Text / Chat,text,text,No,Success,-,TTFT / TPS,"TTFT: 130.3282s, TPS: 5.21","{""messages"": [{""role"": ""user"", ""content"": ""Tell me a joke.""}], ""max_tokens"": 512}",test_text.py,https://build.nvidia.com/z-ai/glm5,z-ai/glm5
zamba2-7b-instruct,Text,Text / Chat,text,text,No,Failed,404 Not Found (Account missing specific permission / Gated Model),TTFT / TPS,-,"{""messages"": [{""role"": ""user"", ""content"": ""Tell me a joke.""}], ""max_tokens"": 512}",test_text.py,https://build.nvidia.com/zyphra/zamba2-7b-instruct,zyphra/zamba2-7b-instruct
granite-guardian-3.0-8b,Safety,Content Safety / Guardrails,text,text (safety rating),No,Success,-,TTFT / TPS,"TTFT: 0.6373s, TPS: 3751.61","{""messages"": [{""role"": ""user"", ""content"": ""How to hack a bank?""}]}",test_safety.py,https://build.nvidia.com/ibm/granite-guardian-3.0-8b,ibm/granite-guardian-3.0-8b
llama-guard-4-12b,Safety,Content Safety / Guardrails,text,text (safety rating),No,Success,-,TTFT / TPS,"TTFT: 0.8278s, TPS: 3054.85","{""messages"": [{""role"": ""user"", ""content"": ""How to hack a bank?""}]}",test_safety.py,https://build.nvidia.com/meta/llama-guard-4-12b,meta/llama-guard-4-12b
llama-3.1-nemoguard-8b-content-safety,Safety,Content Safety / Guardrails,text,text (safety rating),No,Success,-,TTFT / TPS,"TTFT: 0.8714s, TPS: 7576.07","{""messages"": [{""role"": ""user"", ""content"": ""How to hack a bank?""}]}",test_safety.py,https://build.nvidia.com/nvidia/llama-3.1-nemoguard-8b-content-safety,nvidia/llama-3.1-nemoguard-8b-content-safety
llama-3.1-nemoguard-8b-topic-control,Safety,Content Safety / Guardrails,text,text (safety rating),No,Success,-,TTFT / TPS,"TTFT: 0.9260s, TPS: 5475.59","{""messages"": [{""role"": ""user"", ""content"": ""How to hack a bank?""}]}",test_safety.py,https://build.nvidia.com/nvidia/llama-3.1-nemoguard-8b-topic-control,nvidia/llama-3.1-nemoguard-8b-topic-control
llama-3.1-nemotron-70b-reward,Safety,Content Safety / Guardrails,text,text (safety rating),No,Success,-,TTFT / TPS,"TTFT: 0.5509s, TPS: 4514.86","{""messages"": [{""role"": ""user"", ""content"": ""How to hack a bank?""}]}",test_safety.py,https://build.nvidia.com/nvidia/llama-3.1-nemotron-70b-reward,nvidia/llama-3.1-nemotron-70b-reward
llama-3.1-nemotron-safety-guard-8b-v3,Safety,Content Safety / Guardrails,text,text (safety rating),No,Success,-,TTFT / TPS,"TTFT: 0.9642s, TPS: 16108.70","{""messages"": [{""role"": ""user"", ""content"": ""How to hack a bank?""}]}",test_safety.py,https://build.nvidia.com/nvidia/llama-3.1-nemotron-safety-guard-8b-v3,nvidia/llama-3.1-nemotron-safety-guard-8b-v3
nemotron-4-340b-reward,Safety,Content Safety / Guardrails,text,text (safety rating),No,Failed,404 Not Found (Missing API Permission / Gated Model),TTFT / TPS,-,"{""messages"": [{""role"": ""user"", ""content"": ""How to hack a bank?""}]}",test_safety.py,https://build.nvidia.com/nvidia/nemotron-4-340b-reward,nvidia/nemotron-4-340b-reward
nemotron-content-safety-reasoning-4b,Safety,Content Safety / Guardrails (Reasoning),text,text (safety rating),No,Success,-,TTFT / TPS,"TTFT: 0.6265s, TPS: 247.86","{""messages"": [{""role"": ""user"", ""content"": ""How to hack a bank?""}]}",test_safety.py,https://build.nvidia.com/nvidia/nemotron-content-safety-reasoning-4b,nvidia/nemotron-content-safety-reasoning-4b
stable-diffusion-3-medium,Media,Image Generation,text,image,No,Success,-,Generation Time (s),3.23,"{""prompt"": ""A beautiful landscape"", ""steps"": 50, ""seed"": 42}",test_image_video_gen.py,https://build.nvidia.com/stabilityai/stable-diffusion-3-medium,stabilityai/stable-diffusion-3-medium
sdxl-turbo,Media,Image Generation,text,image,No,Failed,404 Client Error: Not Found for url: https://ai.api.nvidia.com/v1/genai/stabilityai/sdxl-turbo (Model requires an Enterprise specific entitlement on your NVIDIA account),Generation Time (s),-,"{""prompt"": ""A beautiful landscape"", ""steps"": 50, ""seed"": 42}",test_image_video_gen.py,https://build.nvidia.com/stabilityai/sdxl-turbo,stabilityai/sdxl-turbo
flux.1-schnell,Media,Image Generation,text,image,No,Success,-,Generation Time (s),9.43,"{""prompt"": ""A beautiful landscape"", ""steps"": 50, ""seed"": 42}",test_image_video_gen.py,https://build.nvidia.com/black-forest-labs/flux.1-schnell,black-forest-labs/flux.1-schnell
flux.1-dev,Media,Image Generation,text,image,No,Success,-,Generation Time (s),5.30,"{""prompt"": ""A beautiful landscape"", ""steps"": 50, ""seed"": 42}",test_image_video_gen.py,https://build.nvidia.com/black-forest-labs/flux.1-dev,black-forest-labs/flux.1-dev
edify,Media,Image Generation,text,image,No,Failed,404 Client Error: Not Found for url: https://ai.api.nvidia.com/v1/genai/nvidia/edify (Model requires an Enterprise specific entitlement on your NVIDIA account),Generation Time (s),-,"{""prompt"": ""A beautiful landscape"", ""steps"": 50, ""seed"": 42}",test_image_video_gen.py,https://build.nvidia.com/nvidia/edify,nvidia/edify
stable-video-diffusion,Media,Video Generation,"text, image",video,No,Failed,404 Client Error: Not Found for url: https://ai.api.nvidia.com/v1/genai/stabilityai/stable-video-diffusion (Model requires an Enterprise specific entitlement on your NVIDIA account),Generation Time (s),-,"{""model"": ""stable-video-diffusion"", ""prompt"": ""A cinematic shot..."", ""cfg_scale"": 7.0}",test_image_video_gen.py,https://build.nvidia.com/stabilityai/stable-video-diffusion,stabilityai/stable-video-diffusion
kling,Media,Image Generation,text,image,No,Failed,404 Client Error: Not Found for url: https://ai.api.nvidia.com/v1/genai/kling (Model requires an Enterprise specific entitlement on your NVIDIA account),Generation Time (s),-,"{""prompt"": ""A beautiful landscape"", ""steps"": 50, ""seed"": 42}",test_image_video_gen.py,https://build.nvidia.com/kling,kling
trellis,Media,Image Generation,text,image,No,Failed,404 Client Error: Not Found for url: https://ai.api.nvidia.com/v1/genai/nvidia/trellis (Model requires an Enterprise specific entitlement on your NVIDIA account),Generation Time (s),-,"{""prompt"": ""A beautiful landscape"", ""steps"": 50, ""seed"": 42}",test_image_video_gen.py,https://build.nvidia.com/nvidia/trellis,nvidia/trellis
latte3d,Media,3D Generation,"text, image",3d,No,Failed,404 Client Error: Not Found for url: https://ai.api.nvidia.com/v1/genai/nvidia/latte3d (Model requires an Enterprise specific entitlement on your NVIDIA account),Generation Time (s),-,"{""prompt"": ""A 3D character...""}",test_image_video_gen.py,https://build.nvidia.com/nvidia/latte3d,nvidia/latte3d
edify-3d,Media,3D Generation,"text, image",3d,No,Failed,404 Client Error: Not Found for url: https://ai.api.nvidia.com/v1/genai/nvidia/edify-3d (Model requires an Enterprise specific entitlement on your NVIDIA account),Generation Time (s),-,"{""prompt"": ""A 3D character...""}",test_image_video_gen.py,https://build.nvidia.com/nvidia/edify-3d,nvidia/edify-3d
starcoder2-15b,Code,Code Generation,text,text,No,Failed,404 Not Found (Missing API Permission / Gated Model),TTFT / TPS,-,"{""messages"": [{""role"": ""user"", ""content"": ""Write a python function for fibonacci""}]}",test_code.py,https://build.nvidia.com/bigcode/starcoder2-15b,bigcode/starcoder2-15b
starcoder2-7b,Code,Code Generation,text,text,No,Failed,404 Not Found (Missing API Permission / Gated Model),TTFT / TPS,-,"{""messages"": [{""role"": ""user"", ""content"": ""Write a python function for fibonacci""}]}",test_code.py,https://build.nvidia.com/bigcode/starcoder2-7b,bigcode/starcoder2-7b
deepseek-coder-6.7b-instruct,Code,Code Generation,text,text,No,Failed,404 Not Found (Missing API Permission / Gated Model),TTFT / TPS,-,"{""messages"": [{""role"": ""user"", ""content"": ""Write a python function for fibonacci""}]}",test_code.py,https://build.nvidia.com/deepseek-ai/deepseek-coder-6.7b-instruct,deepseek-ai/deepseek-coder-6.7b-instruct
codegemma-1.1-7b,Code,Code Generation,text,text,No,Failed,404 Not Found (Missing API Permission / Gated Model),TTFT / TPS,-,"{""messages"": [{""role"": ""user"", ""content"": ""Write a python function for fibonacci""}]}",test_code.py,https://build.nvidia.com/google/codegemma-1.1-7b,google/codegemma-1.1-7b
codegemma-7b,Code,Code Generation,text,text,No,Failed,404 Not Found (Missing API Permission / Gated Model),TTFT / TPS,-,"{""messages"": [{""role"": ""user"", ""content"": ""Write a python function for fibonacci""}]}",test_code.py,https://build.nvidia.com/google/codegemma-7b,google/codegemma-7b
granite-34b-code-instruct,Code,Code Generation,text,text,No,Failed,404 Not Found (Missing API Permission / Gated Model),TTFT / TPS,-,"{""messages"": [{""role"": ""user"", ""content"": ""Write a python function for fibonacci""}]}",test_code.py,https://build.nvidia.com/ibm/granite-34b-code-instruct,ibm/granite-34b-code-instruct
granite-8b-code-instruct,Code,Code Generation,text,text,No,Failed,404 Not Found (Missing API Permission / Gated Model),TTFT / TPS,-,"{""messages"": [{""role"": ""user"", ""content"": ""Write a python function for fibonacci""}]}",test_code.py,https://build.nvidia.com/ibm/granite-8b-code-instruct,ibm/granite-8b-code-instruct
codellama-70b,Code,Code Generation,text,text,No,Failed,404 Not Found (Missing API Permission / Gated Model),TTFT / TPS,-,"{""messages"": [{""role"": ""user"", ""content"": ""Write a python function for fibonacci""}]}",test_code.py,https://build.nvidia.com/meta/codellama-70b,meta/codellama-70b
codestral-22b-instruct-v0.1,Code,Code Generation,text,text,No,Failed,404 Not Found (Missing API Permission / Gated Model),TTFT / TPS,-,"{""messages"": [{""role"": ""user"", ""content"": ""Write a python function for fibonacci""}]}",test_code.py,https://build.nvidia.com/mistralai/codestral-22b-instruct-v0.1,mistralai/codestral-22b-instruct-v0.1
mamba-codestral-7b-v0.1,Code,Code Generation,text,text,No,Success,-,TTFT / TPS,"TTFT: 0.7998s, TPS: 87.36","{""messages"": [{""role"": ""user"", ""content"": ""Write a python function for fibonacci""}]}",test_code.py,https://build.nvidia.com/mistralai/mamba-codestral-7b-v0.1,mistralai/mamba-codestral-7b-v0.1
usdcode-llama-3.1-70b-instruct,Code,Code Generation,text,text,No,Failed,404 Not Found (Missing API Permission / Gated Model),TTFT / TPS,-,"{""messages"": [{""role"": ""user"", ""content"": ""Write a python function for fibonacci""}]}",test_code.py,https://build.nvidia.com/nvidia/usdcode-llama-3.1-70b-instruct,nvidia/usdcode-llama-3.1-70b-instruct
qwen2.5-coder-32b-instruct,Code,Code Generation,text,text,No,Success,-,TTFT / TPS,"TTFT: 0.3034s, TPS: 75.02","{""messages"": [{""role"": ""user"", ""content"": ""Write a python function for fibonacci""}]}",test_code.py,https://build.nvidia.com/qwen/qwen2.5-coder-32b-instruct,qwen/qwen2.5-coder-32b-instruct
qwen2.5-coder-7b-instruct,Code,Code Generation,text,text,No,Success,-,TTFT / TPS,"TTFT: 0.8602s, TPS: 68.86","{""messages"": [{""role"": ""user"", ""content"": ""Write a python function for fibonacci""}]}",test_code.py,https://build.nvidia.com/qwen/qwen2.5-coder-7b-instruct,qwen/qwen2.5-coder-7b-instruct
qwen3-coder-480b-a35b-instruct,Code,Code Generation,text,text,No,Success,-,TTFT / TPS,"TTFT: 0.9339s, TPS: 54.38","{""messages"": [{""role"": ""user"", ""content"": ""Write a python function for fibonacci""}]}",test_code.py,https://build.nvidia.com/qwen/qwen3-coder-480b-a35b-instruct,qwen/qwen3-coder-480b-a35b-instruct
magpie-tts-multilingual,Audio,Text-to-Speech (TTS),text,audio,No,Success,-,Latency (s),2.95,"gRPC: riva.client.SynthesizeSpeechRequest(text=""Hello"", language_code=""en-US"")",test_audio_grpc.py,https://build.nvidia.com/nvidia/magpie-tts-multilingual,nvidia/magpie-tts-multilingual
canary-1b,Audio,Automatic Speech Recognition (ASR),audio,text,No,Success,-,Latency (s),1.22,"gRPC: riva.client.RecognizeRequest(audio_content=bytes, config=...)",test_audio_grpc.py,https://build.nvidia.com/nvidia/canary-1b,nvidia/canary-1b
parakeet-ctc-1.1b-asr,Audio,Automatic Speech Recognition (ASR),audio,text,No,Success,-,Latency (s),2.72,"gRPC: riva.client.RecognizeRequest(audio_content=bytes, config=...)",test_audio_grpc.py,https://build.nvidia.com/nvidia/parakeet-ctc-1_1b-asr,nvidia/parakeet-ctc-1_1b-asr
parakeet-ctc-0.6b-asr,Audio,Automatic Speech Recognition (ASR),audio,text,No,Success,-,Latency (s),1.58,"gRPC: riva.client.RecognizeRequest(audio_content=bytes, config=...)",test_audio_grpc.py,https://build.nvidia.com/nvidia/parakeet-ctc-0_6b-asr,nvidia/parakeet-ctc-0_6b-asr
parakeet-tdt-0.6b-v2,Audio,Automatic Speech Recognition (ASR),audio,text,No,Success,-,Latency (s),2.54,"gRPC: riva.client.RecognizeRequest(audio_content=bytes, config=...)",test_audio_grpc.py,https://build.nvidia.com/nvidia/parakeet-tdt-0_6b-v2,nvidia/parakeet-tdt-0_6b-v2
nemotron-asr-streaming,Audio,Automatic Speech Recognition (ASR),audio,text,No,Success,-,Latency (s),2.08,"gRPC: riva.client.RecognizeRequest(audio_content=bytes, config=...)",test_audio_grpc.py,https://build.nvidia.com/nvidia/nemotron-asr-streaming,nvidia/nemotron-asr-streaming
